timestamp,name,symbol,price_usd,change_24h_pct,market_cap_usd
2026-09-27 19:45:35,Bitcoin,BTC,84973.34283952144,1.25348611,1707124484500.4407
2026-09-27 19:45:35,Ethereum,ETH,2706.213955359778,0.75552102,330387258612.08405
2026-09-27 19:45:35,Tether USDt,USDT,0.9997926294156595,0.00887843,183780697351.9092
2026-09-27 19:45:35,BNB,BNB,780.3526588523188,1.02967961,103911520172.36745
2026-09-27 19:45:35,XRP,XRP,1.5301737401419637,-0.76825978,96216115711.81573
2026-09-27 19:45:35,USDC,USDC,0.9998978688275899,0.01331322,75207662936.63982
2026-09-27 19:45:35,Solana,SOL,123.00748623548475,1.83948531,72301741885.40399
2026-09-27 19:45:35,TRON,TRX,0.33348531824086663,-0.8447329,31671528209.20826
2026-09-27 19:45:35,Zcash,ZEC,1648.3764566584616,6.98172516,27840166661.56692
2026-09-27 19:45:35,Hyperliquid,HYPE,92.3547789672095,0.20844965,23198761842.679283
2026-10-01 21:22:56,Bitcoin,BTC,84143.58603907198,-0.06765918,1690615791578.9595
2026-10-01 21:22:56,Ethereum,ETH,2681.8540072533847,-0.16893071,327443234487.5807
2026-10-01 21:22:56,Tether USDt,USDT,0.9995567356160453,0.02060513,183789180673.45175
2026-10-01 21:22:56,BNB,BNB,765.9183543457848,-0.36818655,101989198581.58281
2026-10-01 21:22:56,XRP,XRP,1.4845044942515968,-1.31489803,93661806354.9674
2026-10-01 21:22:56,USDC,USDC,0.9998126942224759,-0.01998444,74183589137.15271
2026-10-01 21:22:56,Solana,SOL,117.2432605881067,-1.65061212,68947966406.77084
2026-10-01 21:22:56,TRON,TRX,0.33379551257368517,-1.41335497,31702768509.88442
2026-10-01 21:22:56,Zcash,ZEC,1376.051524096656,-4.42854939,23249547298.717182
2026-10-01 21:22:56,Hyperliquid,HYPE,88.08268101113245,1.44144323,22112265733.10604
2026-10-01 21:24:59,Bitcoin,BTC,84070.34331467157,-0.14464242,1689144196270.054
2026-10-01 21:24:59,Ethereum,ETH,2682.3095556743237,-0.09971961,327498855057.5351
2026-10-01 21:24:59,Tether USDt,USDT,0.9995247754066908,0.01580479,183783304127.897
2026-10-01 21:24:59,BNB,BNB,766.0834791480404,-0.43573776,102011186494.7232
2026-10-01 21:24:59,XRP,XRP,1.4852543390100916,-1.42546391,93709116292.2821
2026-10-01 21:24:59,USDC,USDC,0.9999862659531285,-0.00198014,74196467723.33887
2026-10-01 21:24:59,Solana,SOL,117.27440077174904,-1.76403301,68966279206.37146
2026-10-01 21:24:59,TRON,TRX,0.3337919496471226,-1.40059277,31702430115.17336
2026-10-01 21:24:59,Zcash,ZEC,1376.9913029558566,-4.58739548,23265425652.58308
2026-10-01 21:24:59,Hyperliquid,HYPE,87.99677853220543,0.67257734,22090700785.04404
2026-10-02 18:56:24,Bitcoin,BTC,86698.87,0.09,$1.74T
2026-10-02 18:56:24,Ethereum,ETH,2751.41,0.11,$335.74B
2026-10-02 18:56:24,Tether,USDT,0.9998,0.01,$184.02B
2026-10-02 18:56:24,BNB,BNB,780.92,0.31,$103.98B
2026-10-02 18:56:24,XRP,XRP,1.53,0.45,$97.13B
2026-10-02 18:56:24,USDC,USDC,0.9998,0.01,$73.91B
2026-10-02 18:56:24,Solana,SOL,122.41,0.49,$71.98B
2026-10-02 18:56:24,TRON,TRX,0.3347,0.0,$31.79B
2026-10-02 18:56:24,Zcash,ZEC,1387.21,0.51,$23.44B
2026-10-02 18:56:24,Hyperliquid,HYPE,91.19,0.22,$22.89B
2026-10-03 10:14:24,Bitcoin,BTC,84536.87,0.09,$1.69T
2026-10-03 10:14:24,Ethereum,ETH,2673.25,0.24,$326.65B
2026-10-03 10:14:24,Tether,USDT,0.9998,0.0,$184.05B
2026-10-03 10:14:24,BNB,BNB,766.42,0.25,$102.05B
2026-10-03 10:14:24,XRP,XRP,1.48,0.01,$93.74B
2026-10-03 10:14:24,USDC,USDC,0.9999,0.0,$74.11B
2026-10-03 10:14:24,Solana,SOL,119.03,0.04,$70.01B
2026-10-03 10:14:24,TRON,TRX,0.3342,0.01,$31.74B
2026-10-03 10:14:24,Zcash,ZEC,1315.1,0.64,$22.22B
2026-10-03 10:14:24,Hyperliquid,HYPE,88.01,0.33,$22.08B
